MaarjAM accession number,GenBank accession number,Fungal class,Fungal order,Fungal family,Fungal genus,Fungal species,VTX,Source,Source specify,Host subclass,Host superorder,Host order,Host family,Host genus,Host species,Ecosystem,Biome,Habitat,Climatic zone,Biogeo realm,Soil pH,C content,P content,N content,Altitude (m),Average annual precipitation (mm),Continent,Country,State,Location,Coordinates,Culture code,Forward primer,Reverse primer,Marker region,Sequencing method,Sequencing chemistry,Journal,Year,Title,Authors
ESA02280,AJ619940,Glomeromycetes,Diversisporales,Pacisporaceae,Pacispora,scintillans,VTX00284,other,Field collected spores. Voucher W3793.,unspecified subclass,,,unspecified family,unspecified genus,unspecified species,,,,temperate,Palearctic,,,,,,,Europe,Germany,Hessen,Darmstadt,49deg52.00'N 8deg39.00'E,,GeoA2,Geo11,18S rDNA,Sanger,,Mycological Research,2004,"Gerdemannia gen.nov., a genus separated from Glomus, and Gerdemanniaceae fam.nov., a new family in the Glomeromycota","Walker, C.; Blaszkowski, J.; Schwarzott, D.; Schussler, A."
ESA02281,AJ619941,Glomeromycetes,Diversisporales,Pacisporaceae,Pacispora,scintillans,VTX00284,other,Field collected spores. Voucher W3793.,unspecified subclass,,,unspecified family,unspecified genus,unspecified species,,,,temperate,Palearctic,,,,,,,Europe,Germany,Hessen,Darmstadt,49deg52.00'N 8deg39.00'E,,GeoA2,Geo11,18S rDNA,Sanger,,Mycological Research,2004,"Gerdemannia gen.nov., a genus separated from Glomus, and Gerdemanniaceae fam.nov., a new family in the Glomeromycota","Walker, C.; Blaszkowski, J.; Schwarzott, D.; Schussler, A."
ESA02282,AJ619942,Glomeromycetes,Diversisporales,Pacisporaceae,Pacispora,scintillans,VTX00284,other,Field collected spores. Voucher W3793.,unspecified subclass,,,unspecified family,unspecified genus,unspecified species,,,,temperate,Palearctic,,,,,,,Europe,Germany,Hessen,Darmstadt,49deg52.00'N 8deg39.00'E,,GeoA2,Geo11,18S rDNA,Sanger,,Mycological Research,2004,"Gerdemannia gen.nov., a genus separated from Glomus, and Gerdemanniaceae fam.nov., a new family in the Glomeromycota","Walker, C.; Blaszkowski, J.; Schwarzott, D.; Schussler, A."
ESA02283,AJ619943,Glomeromycetes,Diversisporales,Pacisporaceae,Pacispora,scintillans,VTX00284,other,Field collected spores. Voucher W3793.,unspecified subclass,,,unspecified family,unspecified genus,unspecified species,,,,temperate,Palearctic,,,,,,,Europe,Germany,Hessen,Darmstadt,49deg52.00'N 8deg39.00'E,,GeoA2,Geo11,18S rDNA,Sanger,,Mycological Research,2004,"Gerdemannia gen.nov., a genus separated from Glomus, and Gerdemanniaceae fam.nov., a new family in the Glomeromycota","Walker, C.; Blaszkowski, J.; Schwarzott, D.; Schussler, A."
ESA02285,AJ619944,Glomeromycetes,Diversisporales,Pacisporaceae,Pacispora,scintillans,VTX00284,cultured spores,W3849,unspecified subclass,,,unspecified family,unspecified genus,unspecified species,anthropogenic,Anthropogenic ecosystem,arable field,temperate,Palearctic,,,,,,,Europe,Poland,,Lipki,0deg0.00' 0deg0.00',W3849,GeoA2,Geo11,18S rDNA,Sanger,,Mycological Research,2004,"Gerdemannia gen.nov., a genus separated from Glomus, and Gerdemanniaceae fam.nov., a new family in the Glomeromycota","Walker, C.; Blaszkowski, J.; Schwarzott, D.; Schussler, A."
ESA02286,AJ619945,Glomeromycetes,Diversisporales,Pacisporaceae,Pacispora,scintillans,VTX00284,cultured spores,W3849,unspecified subclass,,,unspecified family,unspecified genus,unspecified species,anthropogenic,Anthropogenic ecosystem,arable field,temperate,Palearctic,,,,,,,Europe,Poland,,Lipki,0deg0.00' 0deg0.00',W3849,GeoA2,Geo11,18S rDNA,Sanger,,Mycological Research,2004,"Gerdemannia gen.nov., a genus separated from Glomus, and Gerdemanniaceae fam.nov., a new family in the Glomeromycota","Walker, C.; Blaszkowski, J.; Schwarzott, D.; Schussler, A."
ESA02287,AJ619946,Glomeromycetes,Diversisporales,Pacisporaceae,Pacispora,scintillans,VTX00284,cultured spores,W3849,unspecified subclass,,,unspecified family,unspecified genus,unspecified species,anthropogenic,Anthropogenic ecosystem,arable field,temperate,Palearctic,,,,,,,Europe,Poland,,Lipki,0deg0.00' 0deg0.00',W3849,GeoA2,Geo11,18S rDNA,Sanger,,Mycological Research,2004,"Gerdemannia gen.nov., a genus separated from Glomus, and Gerdemanniaceae fam.nov., a new family in the Glomeromycota","Walker, C.; Blaszkowski, J.; Schwarzott, D.; Schussler, A."
ESA02284,AJ619947,Glomeromycetes,Diversisporales,Pacisporaceae,Pacispora,scintillans,VTX00284,cultured spores,W3849,unspecified subclass,,,unspecified family,unspecified genus,unspecified species,anthropogenic,Anthropogenic ecosystem,arable field,temperate,Palearctic,,,,,,,Europe,Poland,,Lipki,0deg0.00' 0deg0.00',W3849,GeoA2,Geo11,18S rDNA,Sanger,,Mycological Research,2004,"Gerdemannia gen.nov., a genus separated from Glomus, and Gerdemanniaceae fam.nov., a new family in the Glomeromycota","Walker, C.; Blaszkowski, J.; Schwarzott, D.; Schussler, A."
ESA02289,AJ619948,Glomeromycetes,Diversisporales,Pacisporaceae,Pacispora,scintillans,VTX00284,other,Field collected spores. Voucher W3862.,unspecified subclass,,,unspecified family,unspecified genus,unspecified species,grassland,Temperate natural grassland,ancient meadow,temperate,Palearctic,,,,,,,Europe,United Kingdom,England,"East Lulworth, Lindens Farm",50deg38.00'N 2deg13.00'W,,GeoA2,Geo11,18S rDNA,Sanger,,Mycological Research,2004,"Gerdemannia gen.nov., a genus separated from Glomus, and Gerdemanniaceae fam.nov., a new family in the Glomeromycota","Walker, C.; Blaszkowski, J.; Schwarzott, D.; Schussler, A."
ESA02288,AJ619949,Glomeromycetes,Diversisporales,Pacisporaceae,Pacispora,scintillans,VTX00284,other,Field collected spores. Voucher W3862.,unspecified subclass,,,unspecified family,unspecified genus,unspecified species,grassland,Temperate natural grassland,ancient meadow,temperate,Palearctic,,,,,,,Europe,United Kingdom,England,"East Lulworth, Lindens Farm",50deg38.00'N 2deg13.00'W,,GeoA2,Geo11,18S rDNA,Sanger,,Mycological Research,2004,"Gerdemannia gen.nov., a genus separated from Glomus, and Gerdemanniaceae fam.nov., a new family in the Glomeromycota","Walker, C.; Blaszkowski, J.; Schwarzott, D.; Schussler, A."
ESA02290,AJ619950,Glomeromycetes,Diversisporales,Pacisporaceae,Pacispora,scintillans,VTX00284,other,Field collected spores. Voucher W3862.,unspecified subclass,,,unspecified family,unspecified genus,unspecified species,grassland,Temperate natural grassland,ancient meadow,temperate,Palearctic,,,,,,,Europe,United Kingdom,England,"East Lulworth, Lindens Farm",50deg38.00'N 2deg13.00'W,,GeoA2,Geo11,18S rDNA,Sanger,,Mycological Research,2004,"Gerdemannia gen.nov., a genus separated from Glomus, and Gerdemanniaceae fam.nov., a new family in the Glomeromycota","Walker, C.; Blaszkowski, J.; Schwarzott, D.; Schussler, A."
ESA02291,AJ619951,Glomeromycetes,Diversisporales,Pacisporaceae,Pacispora,scintillans,VTX00284,other,Field collected spores. Voucher W3862.,unspecified subclass,,,unspecified family,unspecified genus,unspecified species,grassland,Temperate natural grassland,ancient meadow,temperate,Palearctic,,,,,,,Europe,United Kingdom,England,"East Lulworth, Lindens Farm",50deg38.00'N 2deg13.00'W,,GeoA2,Geo11,18S rDNA,Sanger,,Mycological Research,2004,"Gerdemannia gen.nov., a genus separated from Glomus, and Gerdemanniaceae fam.nov., a new family in the Glomeromycota","Walker, C.; Blaszkowski, J.; Schwarzott, D.; Schussler, A."
ESA02277,AJ619953,Glomeromycetes,Diversisporales,Pacisporaceae,Pacispora,scintillans,VTX00284,other,Field collected spores. Voucher W4545.,unspecified subclass,,,unspecified family,unspecified genus,unspecified species,,,,temperate,Palearctic,,,,,,,Europe,Germany,Hessen,Darmstadt,49deg52.00'N 8deg39.00'E,,GeoA2,Geo11,18S rDNA,Sanger,,Mycological Research,2004,"Gerdemannia gen.nov., a genus separated from Glomus, and Gerdemanniaceae fam.nov., a new family in the Glomeromycota","Walker, C.; Blaszkowski, J.; Schwarzott, D.; Schussler, A."
ESA02278,AJ619954,Glomeromycetes,Diversisporales,Pacisporaceae,Pacispora,scintillans,VTX00284,other,Field collected spores. Voucher W4545.,unspecified subclass,,,unspecified family,unspecified genus,unspecified species,,,,temperate,Palearctic,,,,,,,Europe,Germany,Hessen,Darmstadt,49deg52.00'N 8deg39.00'E,,GeoA2,Geo11,18S rDNA,Sanger,,Mycological Research,2004,"Gerdemannia gen.nov., a genus separated from Glomus, and Gerdemanniaceae fam.nov., a new family in the Glomeromycota","Walker, C.; Blaszkowski, J.; Schwarzott, D.; Schussler, A."
ESA02279,AJ619955,Glomeromycetes,Diversisporales,Pacisporaceae,Pacispora,scintillans,VTX00284,other,Field collected spores. Voucher W4545.,unspecified subclass,,,unspecified family,unspecified genus,unspecified species,,,,temperate,Palearctic,,,,,,,Europe,Germany,Hessen,Darmstadt,49deg52.00'N 8deg39.00'E,,GeoA2,Geo11,18S rDNA,Sanger,,Mycological Research,2004,"Gerdemannia gen.nov., a genus separated from Glomus, and Gerdemanniaceae fam.nov., a new family in the Glomeromycota","Walker, C.; Blaszkowski, J.; Schwarzott, D.; Schussler, A."
ESA02397,AM400228,Glomeromycetes,Diversisporales,Pacisporaceae,Pacispora,scintillans,VTX00284,other,spores from trap culture,unspecified subclass,,,,,,shrubland,deserts and xeric shrublands,dolomitic shrubland,subtropical,Palearctic,,,,,,,Europe,Spain,Andalusia,Sierra de Baza Natural Park,37deg37.00'N 2deg97.00'W,,NS31,AM1,18S rDNA,Sanger,,Mycologia,2008,"Otospora bareai, a new fungal species in the Glomeromycetes from a dolomitic shrub land in Sierra de Baza National Park (Granada, Spain)","Palenzuela, J.; Ferrol, N.; Boller, T.; Azcon-Aguilar, C.; Oehl, F."
ESA01509,EU573737,Glomeromycetes,Diversisporales,Pacisporaceae,Pacispora,Schechter08 Paci1,VTX00011,plant roots,,Magnoliidae,Asteranae,Lamiales,Plantaginaceae,Collinsia,sparsiflora,grassland,Subtropical grasslands & savannas,serpentine soil,subtropical,Nearctic,7.0-7.35,,2.0-5.25 ppm (Weak Bray),1.5-2.5 ppm (NO3),,,North America,USA,California,Donald and Sylvia McLaughlin Reserve,35deg34.13'N 116deg10.42'W,,NS31,AM1,18S rDNA,Sanger,,Molecular Ecology,2008,Serpentine and non-serpentine ecotypes of Collinsia sparsiflora associate with distinct arbuscular mycorrhizal fungal assemblages,"Schechter, S.P.; Bruns, T.D."
ESA01502,EU573770,Glomeromycetes,Diversisporales,Pacisporaceae,Pacispora,Schechter08 Paci1,VTX00011,plant roots,,Magnoliidae,Asteranae,Lamiales,Plantaginaceae,Collinsia,sparsiflora,grassland,Subtropical grasslands & savannas,non-serpentine soil,subtropical,Nearctic,6.1-6.5,,7.0-43.7 ppm (Weak Bray),2.5-7.2 ppm (NO3),,,North America,USA,California,Donald and Sylvia McLaughlin Reserve,35deg34.13'N 116deg10.42'W,,NS31,AM1,18S rDNA,Sanger,,Molecular Ecology,2008,Serpentine and non-serpentine ecotypes of Collinsia sparsiflora associate with distinct arbuscular mycorrhizal fungal assemblages,"Schechter, S.P.; Bruns, T.D."
MOA03879,FM876831,Glomeromycetes,Diversisporales,Pacisporaceae,Pacispora,scintillans,,other,field spores,,,,,,,,,,temperate,Palearctic,,,,,,,Europe,Germany,Hessen,Darmstadt,49deg52.00'N 8deg39.00'E,W4545,SSUmAf2,LR4+2,18S rDNA+ITS+28S rDNA,Sanger,,New Phytologist,2009,DNA-based species level detection of Glomeromycota: one PCR primer set for all arbuscular mycorrhizal fungi,"Kruger, M.; Stockinger, H.; Kruger, C.; Schussler, A."
MOA03878,FM876832,Glomeromycetes,Diversisporales,Pacisporaceae,Pacispora,scintillans,,other,field spores,,,,,,,,,,temperate,Palearctic,,,,,,,Europe,Germany,Hessen,Darmstadt,49deg52.00'N 8deg39.00'E,W4545,SSUmAf2,LR4+2,18S rDNA+ITS+28S rDNA,Sanger,,New Phytologist,2009,DNA-based species level detection of Glomeromycota: one PCR primer set for all arbuscular mycorrhizal fungi,"Kruger, M.; Stockinger, H.; Kruger, C.; Schussler, A."
MOA02721,FR750225,Glomeromycetes,Diversisporales,Pacisporaceae,Pacispora,scintillans,VTX00284,other,field spores,,,,,,,,,,temperate,Palearctic,,,,,,,Europe,Poland,West Pomeranian Voivodeship,Lipki,0deg0.00' 0deg0.00',,GeoA2,Geo11,18S rDNA,Sanger,,New Phytologist,2012,Phylogenetic reference data for systematics and phylotaxonomy of arbuscular mycorrhizal fungi from phylum to species level,"Kruger, M.; Kruger, C.; Walker, C.; Stockinger, H.; Schussler, A."
MOA02722,FR750226,Glomeromycetes,Diversisporales,Pacisporaceae,Pacispora,scintillans,VTX00284,other,field spores,,,,,,,,,,temperate,Palearctic,,,,,,,Europe,Poland,West Pomeranian Voivodeship,Lipki,0deg0.00' 0deg0.00',,GeoA2,Geo11,18S rDNA,Sanger,,New Phytologist,2012,Phylogenetic reference data for systematics and phylotaxonomy of arbuscular mycorrhizal fungi from phylum to species level,"Kruger, M.; Kruger, C.; Walker, C.; Stockinger, H.; Schussler, A."
MOA02720,FR750375,Glomeromycetes,Diversisporales,Pacisporaceae,Pacispora,franciscana,VTX00284,cultured spores,,,,,,,,,,,temperate,Palearctic,,,,,,,Europe,Germany,Niedersachsen,Braunschweig,0deg0.00' 0deg0.00',Att599-7,GeoA2,Geo11,18S rDNA,Sanger,,New Phytologist,2012,Phylogenetic reference data for systematics and phylotaxonomy of arbuscular mycorrhizal fungi from phylum to species level,"Kruger, M.; Kruger, C.; Walker, C.; Stockinger, H.; Schussler, A."
MOA18206,HF568089,Glomeromycetes,Diversisporales,Pacisporaceae,Pacispora,Varela-Cervero15 BP1,,other,fungal spores extracted from rhizosphere soil of Genista cinerea subsp. speciosa,,,,,,,shrubland,Subtropical shrubland,shrubland,subtropical,Palearctic,,,,,,385,Europe,Spain,Andalusia,Sierra de Baza Natural Park,37deg24.00'N 2deg50.00'W,,NS31,AML2,18S rDNA,454 sequencing,GS-FLX Titanium,Environmental Microbiology,2015,"The composition of arbuscular mycorrhizal fungal communities differs among the roots, spores and extraradical mycelia associated with five Mediterranean plant species","Varela-Cervero, S.; Vasar, M.; Davison, J.; Barea, J. M.; Opik, M.; Azcon-Aguilar, C."
MOA18207,HF568090,Glomeromycetes,Diversisporales,Pacisporaceae,Pacispora,Varela-Cervero15 BP1,,other,fungal spores extracted from rhizosphere soil of Genista cinerea subsp. speciosa,,,,,,,shrubland,Subtropical shrubland,shrubland,subtropical,Palearctic,,,,,,385,Europe,Spain,Andalusia,Sierra de Baza Natural Park,37deg24.00'N 2deg50.00'W,,NS31,AML2,18S rDNA,454 sequencing,GS-FLX Titanium,Environmental Microbiology,2015,"The composition of arbuscular mycorrhizal fungal communities differs among the roots, spores and extraradical mycelia associated with five Mediterranean plant species","Varela-Cervero, S.; Vasar, M.; Davison, J.; Barea, J. M.; Opik, M.; Azcon-Aguilar, C."
MOA18208,HF568091,Glomeromycetes,Diversisporales,Pacisporaceae,Pacispora,Varela-Cervero15 BP1,,other,fungal spores extracted from rhizosphere soil of Thymus mastichina,,,,,,,shrubland,Subtropical shrubland,shrubland,subtropical,Palearctic,,,,,,385,Europe,Spain,Andalusia,Sierra de Baza Natural Park,37deg24.00'N 2deg50.00'W,,NS31,AML2,18S rDNA,454 sequencing,GS-FLX Titanium,Environmental Microbiology,2015,"The composition of arbuscular mycorrhizal fungal communities differs among the roots, spores and extraradical mycelia associated with five Mediterranean plant species","Varela-Cervero, S.; Vasar, M.; Davison, J.; Barea, J. M.; Opik, M.; Azcon-Aguilar, C."
MOA18209,HF568092,Glomeromycetes,Diversisporales,Pacisporaceae,Pacispora,Varela-Cervero15 BP1,,other,fungal spores extracted from rhizosphere soil of Thymus mastichina,,,,,,,shrubland,Subtropical shrubland,shrubland,subtropical,Palearctic,,,,,,385,Europe,Spain,Andalusia,Sierra de Baza Natural Park,37deg24.00'N 2deg50.00'W,,NS31,AML2,18S rDNA,454 sequencing,GS-FLX Titanium,Environmental Microbiology,2015,"The composition of arbuscular mycorrhizal fungal communities differs among the roots, spores and extraradical mycelia associated with five Mediterranean plant species","Varela-Cervero, S.; Vasar, M.; Davison, J.; Barea, J. M.; Opik, M.; Azcon-Aguilar, C."
MOA18733,HF568616,Glomeromycetes,Diversisporales,Pacisporaceae,Pacispora,sp.,VTX00284,other,fungal spores extracted from rhizosphere soil of Genista cinerea subsp. speciosa,,,,,,,shrubland,Subtropical shrubland,shrubland,subtropical,Palearctic,,,,,,385,Europe,Spain,Andalusia,Sierra de Baza Natural Park,37deg24.00'N 2deg50.00'W,,NS31,AML2,18S rDNA,454 sequencing,GS-FLX Titanium,Environmental Microbiology,2015,"The composition of arbuscular mycorrhizal fungal communities differs among the roots, spores and extraradical mycelia associated with five Mediterranean plant species","Varela-Cervero, S.; Vasar, M.; Davison, J.; Barea, J. M.; Opik, M.; Azcon-Aguilar, C."
MOA18734,HF568617,Glomeromycetes,Diversisporales,Pacisporaceae,Pacispora,sp.,VTX00284,other,fungal spores extracted from rhizosphere soil of Genista cinerea subsp. speciosa,,,,,,,shrubland,Subtropical shrubland,shrubland,subtropical,Palearctic,,,,,,385,Europe,Spain,Andalusia,Sierra de Baza Natural Park,37deg24.00'N 2deg50.00'W,,NS31,AML2,18S rDNA,454 sequencing,GS-FLX Titanium,Environmental Microbiology,2015,"The composition of arbuscular mycorrhizal fungal communities differs among the roots, spores and extraradical mycelia associated with five Mediterranean plant species","Varela-Cervero, S.; Vasar, M.; Davison, J.; Barea, J. M.; Opik, M.; Azcon-Aguilar, C."
MOA18735,HF568618,Glomeromycetes,Diversisporales,Pacisporaceae,Pacispora,sp.,VTX00284,other,fungal hyphae extracted from rhizosphere soil of Lavandula latifolia,,,,,,,shrubland,Subtropical shrubland,shrubland,subtropical,Palearctic,,,,,,385,Europe,Spain,Andalusia,Sierra de Baza Natural Park,37deg24.00'N 2deg50.00'W,,NS31,AML2,18S rDNA,454 sequencing,GS-FLX Titanium,Environmental Microbiology,2015,"The composition of arbuscular mycorrhizal fungal communities differs among the roots, spores and extraradical mycelia associated with five Mediterranean plant species","Varela-Cervero, S.; Vasar, M.; Davison, J.; Barea, J. M.; Opik, M.; Azcon-Aguilar, C."
MOA18736,HF568619,Glomeromycetes,Diversisporales,Pacisporaceae,Pacispora,sp.,VTX00284,other,fungal hyphae extracted from rhizosphere soil of Lavandula latifolia,,,,,,,shrubland,Subtropical shrubland,shrubland,subtropical,Palearctic,,,,,,385,Europe,Spain,Andalusia,Sierra de Baza Natural Park,37deg24.00'N 2deg50.00'W,,NS31,AML2,18S rDNA,454 sequencing,GS-FLX Titanium,Environmental Microbiology,2015,"The composition of arbuscular mycorrhizal fungal communities differs among the roots, spores and extraradical mycelia associated with five Mediterranean plant species","Varela-Cervero, S.; Vasar, M.; Davison, J.; Barea, J. M.; Opik, M.; Azcon-Aguilar, C."
MOA18737,HF568620,Glomeromycetes,Diversisporales,Pacisporaceae,Pacispora,sp.,VTX00284,other,fungal spores extracted from rhizosphere soil of Thymus zigys sbsp. gracilis,,,,,,,shrubland,Subtropical shrubland,shrubland,subtropical,Palearctic,,,,,,385,Europe,Spain,Andalusia,Sierra de Baza Natural Park,37deg24.00'N 2deg50.00'W,,NS31,AML2,18S rDNA,454 sequencing,GS-FLX Titanium,Environmental Microbiology,2015,"The composition of arbuscular mycorrhizal fungal communities differs among the roots, spores and extraradical mycelia associated with five Mediterranean plant species","Varela-Cervero, S.; Vasar, M.; Davison, J.; Barea, J. M.; Opik, M.; Azcon-Aguilar, C."
MOA18738,HF568621,Glomeromycetes,Diversisporales,Pacisporaceae,Pacispora,sp.,VTX00284,other,fungal spores extracted from rhizosphere soil of Rosmarinus officinalis,,,,,,,shrubland,Subtropical shrubland,shrubland,subtropical,Palearctic,,,,,,385,Europe,Spain,Andalusia,Sierra de Baza Natural Park,37deg24.00'N 2deg50.00'W,,NS31,AML2,18S rDNA,454 sequencing,GS-FLX Titanium,Environmental Microbiology,2015,"The composition of arbuscular mycorrhizal fungal communities differs among the roots, spores and extraradical mycelia associated with five Mediterranean plant species","Varela-Cervero, S.; Vasar, M.; Davison, J.; Barea, J. M.; Opik, M.; Azcon-Aguilar, C."
MOA18739,HF568622,Glomeromycetes,Diversisporales,Pacisporaceae,Pacispora,sp.,VTX00284,other,fungal hyphae extracted from rhizosphere soil of Rosmarinus officinalis,,,,,,,shrubland,Subtropical shrubland,shrubland,subtropical,Palearctic,,,,,,385,Europe,Spain,Andalusia,Sierra de Baza Natural Park,37deg24.00'N 2deg50.00'W,,NS31,AML2,18S rDNA,454 sequencing,GS-FLX Titanium,Environmental Microbiology,2015,"The composition of arbuscular mycorrhizal fungal communities differs among the roots, spores and extraradical mycelia associated with five Mediterranean plant species","Varela-Cervero, S.; Vasar, M.; Davison, J.; Barea, J. M.; Opik, M.; Azcon-Aguilar, C."
MOA18740,HF568623,Glomeromycetes,Diversisporales,Pacisporaceae,Pacispora,sp.,VTX00284,other,fungal hyphae extracted from rhizosphere soil of Rosmarinus officinalis,,,,,,,shrubland,Subtropical shrubland,shrubland,subtropical,Palearctic,,,,,,385,Europe,Spain,Andalusia,Sierra de Baza Natural Park,37deg24.00'N 2deg50.00'W,,NS31,AML2,18S rDNA,454 sequencing,GS-FLX Titanium,Environmental Microbiology,2015,"The composition of arbuscular mycorrhizal fungal communities differs among the roots, spores and extraradical mycelia associated with five Mediterranean plant species","Varela-Cervero, S.; Vasar, M.; Davison, J.; Barea, J. M.; Opik, M.; Azcon-Aguilar, C."
MOA18741,HF568624,Glomeromycetes,Diversisporales,Pacisporaceae,Pacispora,sp.,VTX00284,other,fungal spores extracted from rhizosphere soil of Rosmarinus officinalis,,,,,,,shrubland,Subtropical shrubland,shrubland,subtropical,Palearctic,,,,,,385,Europe,Spain,Andalusia,Sierra de Baza Natural Park,37deg24.00'N 2deg50.00'W,,NS31,AML2,18S rDNA,454 sequencing,GS-FLX Titanium,Environmental Microbiology,2015,"The composition of arbuscular mycorrhizal fungal communities differs among the roots, spores and extraradical mycelia associated with five Mediterranean plant species","Varela-Cervero, S.; Vasar, M.; Davison, J.; Barea, J. M.; Opik, M.; Azcon-Aguilar, C."
MOA18742,HF568625,Glomeromycetes,Diversisporales,Pacisporaceae,Pacispora,sp.,VTX00284,other,fungal spores extracted from rhizosphere soil of Rosmarinus officinalis,,,,,,,shrubland,Subtropical shrubland,shrubland,subtropical,Palearctic,,,,,,385,Europe,Spain,Andalusia,Sierra de Baza Natural Park,37deg24.00'N 2deg50.00'W,,NS31,AML2,18S rDNA,454 sequencing,GS-FLX Titanium,Environmental Microbiology,2015,"The composition of arbuscular mycorrhizal fungal communities differs among the roots, spores and extraradical mycelia associated with five Mediterranean plant species","Varela-Cervero, S.; Vasar, M.; Davison, J.; Barea, J. M.; Opik, M.; Azcon-Aguilar, C."
MOA18743,HF568626,Glomeromycetes,Diversisporales,Pacisporaceae,Pacispora,sp.,VTX00284,plant roots,,Magnoliidae,Asteranae,Lamiales,Lamiaceae,Rosmarinus,officinalis,shrubland,Subtropical shrubland,shrubland,subtropical,Palearctic,,,,,,385,Europe,Spain,Andalusia,Sierra de Baza Natural Park,37deg24.00'N 2deg50.00'W,,NS31,AML2,18S rDNA,454 sequencing,GS-FLX Titanium,Environmental Microbiology,2015,"The composition of arbuscular mycorrhizal fungal communities differs among the roots, spores and extraradical mycelia associated with five Mediterranean plant species","Varela-Cervero, S.; Vasar, M.; Davison, J.; Barea, J. M.; Opik, M.; Azcon-Aguilar, C."
MOA18744,HF568627,Glomeromycetes,Diversisporales,Pacisporaceae,Pacispora,sp.,VTX00284,plant roots,,Magnoliidae,Asteranae,Lamiales,Lamiaceae,Rosmarinus,officinalis,shrubland,Subtropical shrubland,shrubland,subtropical,Palearctic,,,,,,385,Europe,Spain,Andalusia,Sierra de Baza Natural Park,37deg24.00'N 2deg50.00'W,,NS31,AML2,18S rDNA,454 sequencing,GS-FLX Titanium,Environmental Microbiology,2015,"The composition of arbuscular mycorrhizal fungal communities differs among the roots, spores and extraradical mycelia associated with five Mediterranean plant species","Varela-Cervero, S.; Vasar, M.; Davison, J.; Barea, J. M.; Opik, M.; Azcon-Aguilar, C."
MOA18745,HF568628,Glomeromycetes,Diversisporales,Pacisporaceae,Pacispora,sp.,VTX00284,other,fungal hyphae extracted from rhizosphere soil of Thymus mastichina,,,,,,,shrubland,Subtropical shrubland,shrubland,subtropical,Palearctic,,,,,,385,Europe,Spain,Andalusia,Sierra de Baza Natural Park,37deg24.00'N 2deg50.00'W,,NS31,AML2,18S rDNA,454 sequencing,GS-FLX Titanium,Environmental Microbiology,2015,"The composition of arbuscular mycorrhizal fungal communities differs among the roots, spores and extraradical mycelia associated with five Mediterranean plant species","Varela-Cervero, S.; Vasar, M.; Davison, J.; Barea, J. M.; Opik, M.; Azcon-Aguilar, C."
MOA18746,HF568629,Glomeromycetes,Diversisporales,Pacisporaceae,Pacispora,sp.,VTX00284,other,fungal hyphae extracted from rhizosphere soil of Thymus mastichina,,,,,,,shrubland,Subtropical shrubland,shrubland,subtropical,Palearctic,,,,,,385,Europe,Spain,Andalusia,Sierra de Baza Natural Park,37deg24.00'N 2deg50.00'W,,NS31,AML2,18S rDNA,454 sequencing,GS-FLX Titanium,Environmental Microbiology,2015,"The composition of arbuscular mycorrhizal fungal communities differs among the roots, spores and extraradical mycelia associated with five Mediterranean plant species","Varela-Cervero, S.; Vasar, M.; Davison, J.; Barea, J. M.; Opik, M.; Azcon-Aguilar, C."
MOA18747,HF568630,Glomeromycetes,Diversisporales,Pacisporaceae,Pacispora,sp.,VTX00284,other,fungal spores extracted from rhizosphere soil of Thymus mastichina,,,,,,,shrubland,Subtropical shrubland,shrubland,subtropical,Palearctic,,,,,,385,Europe,Spain,Andalusia,Sierra de Baza Natural Park,37deg24.00'N 2deg50.00'W,,NS31,AML2,18S rDNA,454 sequencing,GS-FLX Titanium,Environmental Microbiology,2015,"The composition of arbuscular mycorrhizal fungal communities differs among the roots, spores and extraradical mycelia associated with five Mediterranean plant species","Varela-Cervero, S.; Vasar, M.; Davison, J.; Barea, J. M.; Opik, M.; Azcon-Aguilar, C."
MOA18748,HF568631,Glomeromycetes,Diversisporales,Pacisporaceae,Pacispora,sp.,VTX00284,other,fungal spores extracted from rhizosphere soil of Thymus mastichina,,,,,,,shrubland,Subtropical shrubland,shrubland,subtropical,Palearctic,,,,,,385,Europe,Spain,Andalusia,Sierra de Baza Natural Park,37deg24.00'N 2deg50.00'W,,NS31,AML2,18S rDNA,454 sequencing,GS-FLX Titanium,Environmental Microbiology,2015,"The composition of arbuscular mycorrhizal fungal communities differs among the roots, spores and extraradical mycelia associated with five Mediterranean plant species","Varela-Cervero, S.; Vasar, M.; Davison, J.; Barea, J. M.; Opik, M.; Azcon-Aguilar, C."
MOA18749,HF568632,Glomeromycetes,Diversisporales,Pacisporaceae,Pacispora,sp.,VTX00284,plant roots,,Magnoliidae,Asteranae,Lamiales,Lamiaceae,Thymus,mastichina,shrubland,Subtropical shrubland,shrubland,subtropical,Palearctic,,,,,,385,Europe,Spain,Andalusia,Sierra de Baza Natural Park,37deg24.00'N 2deg50.00'W,,NS31,AML2,18S rDNA,454 sequencing,GS-FLX Titanium,Environmental Microbiology,2015,"The composition of arbuscular mycorrhizal fungal communities differs among the roots, spores and extraradical mycelia associated with five Mediterranean plant species","Varela-Cervero, S.; Vasar, M.; Davison, J.; Barea, J. M.; Opik, M.; Azcon-Aguilar, C."
MOA18750,HF568633,Glomeromycetes,Diversisporales,Pacisporaceae,Pacispora,sp.,VTX00284,plant roots,,Magnoliidae,Asteranae,Lamiales,Lamiaceae,Thymus,mastichina,shrubland,Subtropical shrubland,shrubland,subtropical,Palearctic,,,,,,385,Europe,Spain,Andalusia,Sierra de Baza Natural Park,37deg24.00'N 2deg50.00'W,,NS31,AML2,18S rDNA,454 sequencing,GS-FLX Titanium,Environmental Microbiology,2015,"The composition of arbuscular mycorrhizal fungal communities differs among the roots, spores and extraradical mycelia associated with five Mediterranean plant species","Varela-Cervero, S.; Vasar, M.; Davison, J.; Barea, J. M.; Opik, M.; Azcon-Aguilar, C."
MOA25897,HG329661,Glomeromycetes,Diversisporales,Pacisporaceae,Pacispora,sp.,,other,"mixed sample of roots, spores and hyphae from five Mediterranean shrubs",,,,,,,shrubland,Subtropical shrubland,shrubland,subtropical,Palearctic,7.9-8.2,4-4.4 % (org C),0.04 %,0.34%,,385,Europe,Spain,Andalusia,Sierra de Baza Natural Park,37deg24.00'N 2deg50.00'W,,AML1,AML2,18S rDNA,Sanger,,Plant and Soil ,2016,Spring to autumn changes in the arbuscular mycorrhizal fungal community composition in the different propagule types associated to a Mediterranean shrubland,"Varela-Cervero, S.; Lopez-Garcia, A.; Barea, J. M.; Azcon-Aguilar, C."
MOA25898,HG329664,Glomeromycetes,Diversisporales,Pacisporaceae,Pacispora,sp.,,other,"mixed sample of roots, spores and hyphae from five Mediterranean shrubs",,,,,,,shrubland,Subtropical shrubland,shrubland,subtropical,Palearctic,7.9-8.2,4-4.4 % (org C),0.04 %,0.34%,,385,Europe,Spain,Andalusia,Sierra de Baza Natural Park,37deg24.00'N 2deg50.00'W,,AML1,AML2,18S rDNA,Sanger,,Plant and Soil ,2016,Spring to autumn changes in the arbuscular mycorrhizal fungal community composition in the different propagule types associated to a Mediterranean shrubland,"Varela-Cervero, S.; Lopez-Garcia, A.; Barea, J. M.; Azcon-Aguilar, C."
MOA25899,HG329668,Glomeromycetes,Diversisporales,Pacisporaceae,Pacispora,sp.,,other,"mixed sample of roots, spores and hyphae from five Mediterranean shrubs",,,,,,,shrubland,Subtropical shrubland,shrubland,subtropical,Palearctic,7.9-8.2,4-4.4 % (org C),0.04 %,0.34%,,385,Europe,Spain,Andalusia,Sierra de Baza Natural Park,37deg24.00'N 2deg50.00'W,,AML1,AML2,18S rDNA,Sanger,,Plant and Soil ,2016,Spring to autumn changes in the arbuscular mycorrhizal fungal community composition in the different propagule types associated to a Mediterranean shrubland,"Varela-Cervero, S.; Lopez-Garcia, A.; Barea, J. M.; Azcon-Aguilar, C."
MOA43154,HG937503,Glomeromycetes,Diversisporales,Pacisporaceae,Pacispora,sp.,,soil,,,,,,,,anthropogenic,Anthropogenic ecosystem,experimental field,temperate,Palearctic,,,,,158,,Europe,Germany,Lower Saxony,Gottingen-Holtensen,51deg33.00'N 9deg58.00'E,,NS31,AM1a+AM1b,18S rDNA,Sanger,,PLoS ONE,2016,Spatial distribution of fungal communities in an arable soil,"Moll, J.; Hoppe, B.; Konig, S.; Wubet, T.; Buscot, F.; Kruger, D."
MOA43155,HG937504,Glomeromycetes,Diversisporales,Pacisporaceae,Pacispora,sp.,,soil,,,,,,,,anthropogenic,Anthropogenic ecosystem,experimental field,temperate,Palearctic,,,,,158,,Europe,Germany,Lower Saxony,Gottingen-Holtensen,51deg33.00'N 9deg58.00'E,,NS31,AM1a+AM1b,18S rDNA,Sanger,,PLoS ONE,2016,Spatial distribution of fungal communities in an arable soil,"Moll, J.; Hoppe, B.; Konig, S.; Wubet, T.; Buscot, F.; Kruger, D."
MOA02482,HQ610612,Glomeromycetes,Diversisporales,Pacisporaceae,Pacispora,Pac-1,VTX00284,other,field spores,,,,,,,grassland,Montane grassland,high altitude grassland,boreal,Palearctic,,,,,,,Asia,China,,,0deg0.00' 0deg0.00',,NS31,AML2,18S rDNA,Sanger,,FEMS Microbiology Ecology,2011,Diverse communities ofarbuscular mycorrhizal fungi inhabit sites with very high altitude in Tibet Plateau,"Liu, Y.; He, J.; Shi, G.; An, L.; Opik, M.; Feng, H."
MOA02483,HQ610616,Glomeromycetes,Diversisporales,Pacisporaceae,Pacispora,Pac-1,VTX00284,other,field spores,,,,,,,grassland,Montane grassland,high altitude grassland,boreal,Palearctic,,,,,,,Asia,China,,,0deg0.00' 0deg0.00',,NS31,AML2,18S rDNA,Sanger,,FEMS Microbiology Ecology,2011,Diverse communities ofarbuscular mycorrhizal fungi inhabit sites with very high altitude in Tibet Plateau,"Liu, Y.; He, J.; Shi, G.; An, L.; Opik, M.; Feng, H."
MOA01203,JF683568 ,Glomeromycetes,Diversisporales,Pacisporaceae,Pacispora,sp.,VTX00284,other,see notes,,,,,,,shrubland,Temperate shrubland,sagebrush steppe,temperate,Nearctic,,,,,,,North America,USA,,,0deg0.00' 0deg0.00',,AM1,NS31,18S rDNA,Sanger,,Mycorrhiza,2013,Arbuscular mycorrhizal fungal community differs between a coexisting native shrub and introduced annual grass,"Busby, R.R.; Stromberger, M. E.; Rodriguez, G.; Gebhart, D.; Paschke, M. W."
MOA05886,JN685298,Glomeromycetes,Diversisporales,Pacisporaceae,Pacispora,sp.,,plant roots,,Magnoliidae,Rosanae,Fabales,Fabaceae,Pisum,sativum,anthropogenic,Anthropogenic ecosystem,field,temperate,Nearctic,,,,,,,North America,Canada,Saskatchewan,,0deg0.00'N 0deg0.00'E,,SSUmCf,LSUmBr,18S rDNA+ITS+28S rDNA,Sanger,,Mycorrhiza,2013,Impact of arbuscular mycorrhizal fungal inoculants on subsequent arbuscular mycorrhizal fungi colonization in pot-cultured field pea (Pisum sativum L.),"Jin, H.; Germida, J. J.; Walley, F.L."
MOA05887,JN685299,Glomeromycetes,Diversisporales,Pacisporaceae,Pacispora,sp.,,plant roots,,Magnoliidae,Rosanae,Fabales,Fabaceae,Pisum,sativum,anthropogenic,Anthropogenic ecosystem,field,temperate,Nearctic,,,,,,,North America,Canada,Saskatchewan,,0deg0.00'N 0deg0.00'E,,SSUmCf,LSUmBr,18S rDNA+ITS+28S rDNA,Sanger,,Mycorrhiza,2013,Impact of arbuscular mycorrhizal fungal inoculants on subsequent arbuscular mycorrhizal fungi colonization in pot-cultured field pea (Pisum sativum L.),"Jin, H.; Germida, J. J.; Walley, F.L."
MOA25864,KC665653,Glomeromycetes,Diversisporales,Pacisporaceae,Pacispora,Lopez-Garcia14 Pac284,,plant roots,,Magnoliidae,Asteranae,Lamiales,Lamiaceae,Rosmarinus,officinalis,shrubland,deserts and xeric shrublands,long term mesocosm with shrubland inoculum,subtropical,Palearctic,,,,,,,Europe,Spain,Andalusia,Sierra de Baza Natural Park,37deg37.00'N 2deg97.00'W,,AML1,AML2,18S rDNA,Sanger,,Plant and Soil ,2014,"Life-history strategies of arbuscular mycorrhizal fungi determine succession into roots of Rosmarinus officinalis L., a characteristic woody perennial plant species from Mediterranean ecosystems","Lopez-Garcia, A.; Palenzuela, J.; Barea, J. M.; Azcon-Aguilar, C."
MOA08033,KF467280,Glomeromycetes,Diversisporales,Pacisporaceae,Pacispora,Shi14b Pac-20,VTX00284,plant roots,composite root sample,,,,,,,grassland,Montane grassland,alpine meadow,temperate,Palearctic,,,,,3570,650,Asia,China,Gansu province,Maqu,33deg44.00'N 101deg52.00'E,,NS31,AML2,18S rDNA,Sanger,,PLoS ONE,2014,Relative importance of deterministic and stochastic processes in driving arbuscular mycorrhizal fungal assemblage during the spreading of a toxic plant,"Shi, G.; Liu, Y.; Mao, L.; Jiang, S.; Zhang, Q.; Cheng, G.; An, L.; Du, G.; Feng, H."
MOA26938,LN907273,Glomeromycetes,Diversisporales,Pacisporaceae,Pacispora,Zheng16 OTU48,,soil,,,,,,,,anthropogenic,Anthropogenic ecosystem,experimental field,temperate,Palearctic,,,,,3250,580,Asia,China,Qinghai Province,HAMERS,37deg36.00'N 101deg12.00'E,,NS31,AML2,18S rDNA,454 sequencing,GS-FLX Titanium,Microbial Ecology,2016,Plant identity exerts stronger effect than fertilization on soil arbuscular mycorrhizal fungi in a sown pasture,"Zheng, Y.; Chen, L.; Luo, C.-Y.; Zhang, Z.-H.; Wang, S.-P.; Guo, L.-D."
MOA35527,LT723430,Glomeromycetes,Diversisporales,Pacisporaceae,Pacispora,sp.,VTX00284,soil,,,,,,,,anthropogenic,Anthropogenic ecosystem,lawn,temperate,Palearctic,5.9,3.32,185,0.253,80,708,Europe,Estonia,Valga County,Voorbahi,58deg3.11'N 25deg51.40'E,,NS31,AML2,18S rDNA,454 sequencing,GS-FLX Titanium,Mycorrhiza,2018,Effects of land use on arbuscular mycorrhizal fungal communities in Estonia,"Sepp, S.-K.; Jairus, T.; Vasar, M.; Zobel, M.; Opik, M."
MOA35528,LT723431,Glomeromycetes,Diversisporales,Pacisporaceae,Pacispora,sp.,VTX00284,soil,,,,,,,,anthropogenic,Anthropogenic ecosystem,lawn,temperate,Palearctic,5.9,3.32,185,0.253,80,708,Europe,Estonia,Valga County,Voorbahi,58deg3.11'N 25deg51.40'E,,NS31,AML2,18S rDNA,454 sequencing,GS-FLX Titanium,Mycorrhiza,2018,Effects of land use on arbuscular mycorrhizal fungal communities in Estonia,"Sepp, S.-K.; Jairus, T.; Vasar, M.; Zobel, M.; Opik, M."
MOA35967,LT723870,Glomeromycetes,Diversisporales,Pacisporaceae,Pacispora,sp.,VTX00284,soil,,,,,,,,successional,Azonal & successional,clearcut,temperate,Palearctic,6.9,4.63,21,0.304,82,693,Europe,Estonia,Järva County,Vahukyla,58deg58.19'N 26deg7.31'E,,NS31,AML2,18S rDNA,454 sequencing,GS-FLX Titanium,Mycorrhiza,2018,Effects of land use on arbuscular mycorrhizal fungal communities in Estonia,"Sepp, S.-K.; Jairus, T.; Vasar, M.; Zobel, M.; Opik, M."
MOA35968,LT723871,Glomeromycetes,Diversisporales,Pacisporaceae,Pacispora,sp.,VTX00284,soil,,,,,,,,successional,Azonal & successional,clearcut,temperate,Palearctic,6.9,4.63,21,0.304,82,693,Europe,Estonia,Järva County,Vahukyla,58deg58.19'N 26deg7.31'E,,NS31,AML2,18S rDNA,454 sequencing,GS-FLX Titanium,Mycorrhiza,2018,Effects of land use on arbuscular mycorrhizal fungal communities in Estonia,"Sepp, S.-K.; Jairus, T.; Vasar, M.; Zobel, M.; Opik, M."
MOA36089,LT723992,Glomeromycetes,Diversisporales,Pacisporaceae,Pacispora,sp.,VTX00284,soil,,,,,,,,forest,Temperate broadleaf & mixed forest,boreonemoral mixed forestÃÂ ,temperate,Palearctic,4.8,3.42,22,0.212,96.5,693,Europe,Estonia,Järva County,Koeru,58deg58.34'N 26deg2.42'E,,NS31,AML2,18S rDNA,454 sequencing,GS-FLX Titanium,Mycorrhiza,2018,Effects of land use on arbuscular mycorrhizal fungal communities in Estonia,"Sepp, S.-K.; Jairus, T.; Vasar, M.; Zobel, M.; Opik, M."
MOA36206,LT724109,Glomeromycetes,Diversisporales,Pacisporaceae,Pacispora,sp.,VTX00284,soil,,,,,,,,forest,Temperate broadleaf & mixed forest,boreonemoral mixed forestÃÂ ,temperate,Palearctic,5,2.42,52,0.134,57.5,680,Europe,Estonia,Tartu County,Vapramae,58deg15.05'N 26deg27.37'E,,NS31,AML2,18S rDNA,454 sequencing,GS-FLX Titanium,Mycorrhiza,2018,Effects of land use on arbuscular mycorrhizal fungal communities in Estonia,"Sepp, S.-K.; Jairus, T.; Vasar, M.; Zobel, M.; Opik, M."
MOA36207,LT724110,Glomeromycetes,Diversisporales,Pacisporaceae,Pacispora,sp.,VTX00284,soil,,,,,,,,forest,Temperate broadleaf & mixed forest,boreonemoral mixed forestÃÂ ,temperate,Palearctic,5,2.42,52,0.134,57.5,680,Europe,Estonia,Tartu County,Vapramae,58deg15.05'N 26deg27.37'E,,NS31,AML2,18S rDNA,454 sequencing,GS-FLX Titanium,Mycorrhiza,2018,Effects of land use on arbuscular mycorrhizal fungal communities in Estonia,"Sepp, S.-K.; Jairus, T.; Vasar, M.; Zobel, M.; Opik, M."
MOA40915,LT835328,Glomeromycetes,Diversisporales,Pacisporaceae,Pacispora,sp.,VTX00284,soil,,,,,,,,anthropogenic,Anthropogenic ecosystem,lupin field ,temperate,Palearctic,5.4,,21 (mg/kg; Mehlich III),,,,Europe,Iceland,Western Region,Helissandur,64deg54.36'N 23deg51.36'W,,NS31,AML2,18S rDNA,454 sequencing,GS-FLX Titanium,Global Change Biology ,2018,Anthropogenic disturbance equalizes diversity levels in arbuscular mycorrhizal fungal communities,"Garcia de Leon, D.; Davison, J.; Moora, M.; Opik, M.; Feng, H.; Hiiesalu, I.; Jairus, T.; Koorem, K.; Liu, Y.; Phosri, C.; Sepp, S.-K.; Vasar, M.; Zobel, M."
MOA40916,LT835329,Glomeromycetes,Diversisporales,Pacisporaceae,Pacispora,sp.,VTX00284,soil,,,,,,,,anthropogenic,Anthropogenic ecosystem,lupin field ,temperate,Palearctic,5.4,,21 (mg/kg; Mehlich III),,,,Europe,Iceland,Western Region,Helissandur,64deg54.36'N 23deg51.36'W,,NS31,AML2,18S rDNA,454 sequencing,GS-FLX Titanium,Global Change Biology ,2018,Anthropogenic disturbance equalizes diversity levels in arbuscular mycorrhizal fungal communities,"Garcia de Leon, D.; Davison, J.; Moora, M.; Opik, M.; Feng, H.; Hiiesalu, I.; Jairus, T.; Koorem, K.; Liu, Y.; Phosri, C.; Sepp, S.-K.; Vasar, M.; Zobel, M."
MOA41498,LT835911,Glomeromycetes,Diversisporales,Pacisporaceae,Pacispora,sp.,VTX00284,soil,,,,,,,,anthropogenic,Anthropogenic ecosystem,pea field ,temperate,Palearctic,7.6,,37 (mg/kg; Mehlich III),,,,Asia,China,Gannan Tibetan Autonomous Prefecture,Jone County,34deg45.00'N 103deg12.36'E,,NS31,AML2,18S rDNA,454 sequencing,GS-FLX Titanium,Global Change Biology ,2018,Anthropogenic disturbance equalizes diversity levels in arbuscular mycorrhizal fungal communities,"Garcia de Leon, D.; Davison, J.; Moora, M.; Opik, M.; Feng, H.; Hiiesalu, I.; Jairus, T.; Koorem, K.; Liu, Y.; Phosri, C.; Sepp, S.-K.; Vasar, M.; Zobel, M."
MOA41499,LT835912,Glomeromycetes,Diversisporales,Pacisporaceae,Pacispora,sp.,VTX00284,soil,,,,,,,,anthropogenic,Anthropogenic ecosystem,pea field ,temperate,Palearctic,7.6,,37 (mg/kg; Mehlich III),,,,Asia,China,Gannan Tibetan Autonomous Prefecture,Jone County,34deg45.00'N 103deg12.36'E,,NS31,AML2,18S rDNA,454 sequencing,GS-FLX Titanium,Global Change Biology ,2018,Anthropogenic disturbance equalizes diversity levels in arbuscular mycorrhizal fungal communities,"Garcia de Leon, D.; Davison, J.; Moora, M.; Opik, M.; Feng, H.; Hiiesalu, I.; Jairus, T.; Koorem, K.; Liu, Y.; Phosri, C.; Sepp, S.-K.; Vasar, M.; Zobel, M."
MOA42556,LT836969,Glomeromycetes,Diversisporales,Pacisporaceae,Pacispora,sp.,VTX00284,soil,,,,,,,,anthropogenic,Anthropogenic ecosystem,olive plantation,subtropical,Palearctic,7,,68 (mg/kg; Mehlich III),,,,Europe,Greece,Crete,Voukolies,35deg27.36'N 23deg48.00'E,,NS31,AML2,18S rDNA,454 sequencing,GS-FLX Titanium,Global Change Biology ,2018,Anthropogenic disturbance equalizes diversity levels in arbuscular mycorrhizal fungal communities,"Garcia de Leon, D.; Davison, J.; Moora, M.; Opik, M.; Feng, H.; Hiiesalu, I.; Jairus, T.; Koorem, K.; Liu, Y.; Phosri, C.; Sepp, S.-K.; Vasar, M.; Zobel, M."
MOA42557,LT836970,Glomeromycetes,Diversisporales,Pacisporaceae,Pacispora,sp.,VTX00284,soil,,,,,,,,anthropogenic,Anthropogenic ecosystem,olive plantation,subtropical,Palearctic,7,,68 (mg/kg; Mehlich III),,,,Europe,Greece,Crete,Voukolies,35deg27.36'N 23deg48.00'E,,NS31,AML2,18S rDNA,454 sequencing,GS-FLX Titanium,Global Change Biology ,2018,Anthropogenic disturbance equalizes diversity levels in arbuscular mycorrhizal fungal communities,"Garcia de Leon, D.; Davison, J.; Moora, M.; Opik, M.; Feng, H.; Hiiesalu, I.; Jairus, T.; Koorem, K.; Liu, Y.; Phosri, C.; Sepp, S.-K.; Vasar, M.; Zobel, M."
